BondClassification,BondTheme,IssueSize,CouponRate,IssueDate,IssueTerm,BenefitInfoScope,EnvironmentalBenefitUpdateTime,EnvironmentalBenefitType,AmountUsedForProjects,NumberOfProjectsInvested,Project,TotalProjectInvestment,AmountUsedForProject,UseOfProceeds,ProjectImplementationProgress,SectorCode,SectorName,IndicatorCode,IndicatorName,UnitCode,ProjectEnvironmentalBenefits,EnvironmentalBenefitsPerUnitCapital,BondEnvironmentalBenefits,NatureOfBenefitInformation,AssessmentAndCertificationBody
Medium-term notes,green,5.0,1.82,18/12/2025,5.0,Pre-issuance,2025,Project environmental benefits,5.0,51,Kuqa Green Hydrogen Demonstration Project,29.96,0.733,New,Officially in operation,4.2.8,Hydrogen energy infrastructure construction and operation,101,carbon emission reduction,W14,473377.91,15800.3308,11581.6425,actual value,"United Equator Environmental Assessment Co., Ltd."
Medium-term notes,green,5.0,1.82,18/12/2025,5.0,Pre-issuance,2025,Project environmental benefits,5.0,51,Industrial Application Demonstration Project of New Electrolytic Cell,0.2161,0.0066,New,Under construction,4.2.8,Hydrogen energy infrastructure construction and operation,101,carbon emission reduction,W14,362068.72,1675468.394,11058.0914,Expected value,"United Equator Environmental Assessment Co., Ltd."
Medium-term notes,green,5.0,1.82,18/12/2025,5.0,Pre-issuance,2025,Project environmental benefits,5.0,51,Guangzhou Company's Guangdong Maoming Petrochemical 4.47MW/8.94MWh Semi-Solid Energy Storage Pilot Demonstration Project,0.0958,0.0012,New,Under construction,4.3.2,Construction and operation of new energy storage facilities,101,carbon emission reduction,W14,855.63,8931.4196,11.0,Expected value,"United Equator Environmental Assessment Co., Ltd."
Medium-term notes,green,5.0,1.82,18/12/2025,5.0,Pre-issuance,2025,Project environmental benefits,5.0,51,"Photovoltaic power generation project in the office and living area of the company's management zone 1, etc.",0.0652,0.0457,New,Officially in operation,4.2.2,Construction and operation of solar energy utilization facilities,101,carbon emission reduction,W14,1685.15,25845.8589,1181.1558,actual value,"United Equator Environmental Assessment Co., Ltd."
Medium-term notes,green,5.0,1.82,18/12/2025,5.0,Pre-issuance,2025,Project environmental benefits,5.0,51,Photovoltaic power generation projects in areas such as Tong 61-x191 in Wanggang Management Area of Xianhe Oilfield,0.0484,0.0338,New,Officially in operation,4.2.2,Construction and operation of solar energy utilization facilities,101,carbon emission reduction,W14,1326.92,27415.7025,926.6507,actual value,"United Equator Environmental Assessment Co., Ltd."
Medium-term notes,green,5.0,1.82,18/12/2025,5.0,Pre-issuance,2025,Project environmental benefits,5.0,51,Distributed photovoltaic power generation project in areas such as the former No. 3 oilfield of Shengli Oilfield,0.0886,0.056,New,Officially in operation,4.2.2,Construction and operation of solar energy utilization facilities,101,carbon emission reduction,W14,2760.41,31155.8691,1744.7287,actual value,"United Equator Environmental Assessment Co., Ltd."
Medium-term notes,green,5.0,1.82,18/12/2025,5.0,Pre-issuance,2025,Project environmental benefits,5.0,51,Photovoltaic power generation projects in areas such as the abandoned irrigation canal of Zhuangxi Oxidation Pond,0.0554,0.0388,New,Officially in operation,4.2.2,Construction and operation of solar energy utilization facilities,101,carbon emission reduction,W14,1234.33,22280.3249,864.4766,actual value,"United Equator Environmental Assessment Co., Ltd."
Medium-term notes,green,5.0,1.82,18/12/2025,5.0,Pre-issuance,2025,Project environmental benefits,5.0,51,Photovoltaic power generation projects in areas including the former Yuying Company of the Gudao Oilfield,0.1791,0.1254,New,Officially in operation,4.2.2,Construction and operation of solar energy utilization facilities,101,carbon emission reduction,W14,6706.03,37442.9369,4695.3443,actual value,"United Equator Environmental Assessment Co., Ltd."
Medium-term notes,green,5.0,1.82,18/12/2025,5.0,Pre-issuance,2025,Project environmental benefits,5.0,51,"Distributed photovoltaic power generation projects in areas such as the Xinhe Oilfield Pipeline Plant, etc.",0.1554,0.1087,New,Officially in operation,4.2.2,Construction and operation of solar energy utilization facilities,101,carbon emission reduction,W14,3897.74,25081.982,2726.4114,actual value,"United Equator Environmental Assessment Co., Ltd."
Medium-term notes,green,5.0,1.82,18/12/2025,5.0,Pre-issuance,2025,Project environmental benefits,5.0,51,Photovoltaic power generation project on the east side of the fourth management area of Gudong Oilfield,0.1348,0.0943,New,Officially in operation,4.2.2,Construction and operation of solar energy utilization facilities,101,carbon emission reduction,W14,5193.82,38529.822,3633.3622,actual value,"United Equator Environmental Assessment Co., Ltd."
Medium-term notes,green,5.0,1.82,18/12/2025,5.0,Pre-issuance,2025,Project environmental benefits,5.0,51,Photovoltaic power generation project in idle area of the polymer injection team of Gudong Oilfield,0.0991,0.0694,New,Officially in operation,4.2.2,Construction and operation of solar energy utilization facilities,101,carbon emission reduction,W14,3236.33,32657.2149,2266.4107,actual value,"United Equator Environmental Assessment Co., Ltd."
Medium-term notes,green,5.0,1.82,18/12/2025,5.0,Pre-issuance,2025,Project environmental benefits,5.0,51,Photovoltaic power generation project in Block 201 of the Injection and Production Station of the Second Management Area of Gudong Oilfield,0.0985,0.069,New,Officially in operation,4.2.2,Construction and operation of solar energy utilization facilities,101,carbon emission reduction,W14,2895.18,29392.6904,2028.0956,actual value,"United Equator Environmental Assessment Co., Ltd."
Medium-term notes,green,5.0,1.82,18/12/2025,5.0,Pre-issuance,2025,Project environmental benefits,5.0,51,Photovoltaic power generation projects in areas such as the He 60-2 well in the Shinan Management Area of the Xianhe Oilfield.,0.0767,0.0537,New,Officially in operation,4.2.2,Construction and operation of solar energy utilization facilities,101,carbon emission reduction,W14,2445.29,31881.2256,1712.0218,actual value,"United Equator Environmental Assessment Co., Ltd."
Medium-term notes,green,5.0,1.82,18/12/2025,5.0,Pre-issuance,2025,Project environmental benefits,5.0,51,Photovoltaic power generation project at the Chengdong pilot production site of Hekou Oilfield,0.0767,0.0537,New,Officially in operation,4.2.2,Construction and operation of solar energy utilization facilities,101,carbon emission reduction,W14,2545.29,33185.0065,1782.0349,actual value,"United Equator Environmental Assessment Co., Ltd."
Medium-term notes,green,5.0,1.82,18/12/2025,5.0,Pre-issuance,2025,Project environmental benefits,5.0,51,Distributed photovoltaic power generation projects in areas such as the former No. 28 working team of Xianhe Oilfield.,0.061,0.0427,New,Officially in operation,4.2.2,Construction and operation of solar energy utilization facilities,101,carbon emission reduction,W14,1952.56,32009.1803,1366.792,actual value,"United Equator Environmental Assessment Co., Ltd."
Medium-term notes,green,5.0,1.82,18/12/2025,5.0,Pre-issuance,2025,Project environmental benefits,5.0,51,Photovoltaic power generation project in areas including the former South Asia Pumping Station of the Gudao Oilfield,0.0605,0.0423,New,Officially in operation,4.2.2,Construction and operation of solar energy utilization facilities,101,carbon emission reduction,W14,1438.12,23770.5785,1005.4955,actual value,"United Equator Environmental Assessment Co., Ltd."
Medium-term notes,green,5.0,1.82,18/12/2025,5.0,Pre-issuance,2025,Project environmental benefits,5.0,51,Distributed photovoltaic power generation projects in areas such as the Zheng 419 well site in the Shengkai Management Area of the Petroleum Development Center,0.054,0.0378,New,Officially in operation,4.2.2,Construction and operation of solar energy utilization facilities,101,carbon emission reduction,W14,1660.88,30757.037,1162.616,actual value,"United Equator Environmental Assessment Co., Ltd."
Medium-term notes,green,5.0,1.82,18/12/2025,5.0,Pre-issuance,2025,Project environmental benefits,5.0,51,Shengli Oilfield ST39X139 Cluster Well Group Regional Distributed Photovoltaic Power Generation Project,0.052,0.0364,New,Officially in operation,4.2.2,Construction and operation of solar energy utilization facilities,101,carbon emission reduction,W14,1479.93,28460.1923,1035.951,actual value,"United Equator Environmental Assessment Co., Ltd."
Medium-term notes,green,5.0,1.82,18/12/2025,5.0,Pre-issuance,2025,Project environmental benefits,5.0,51,Distributed photovoltaic power generation projects in areas such as the Zhuangxi Oilfield work site,0.0439,0.0307,New,Officially in operation,4.2.2,Construction and operation of solar energy utilization facilities,101,carbon emission reduction,W14,1361.41,31011.6173,952.0567,actual value,"United Equator Environmental Assessment Co., Ltd."
Medium-term notes,green,5.0,1.82,18/12/2025,5.0,Pre-issuance,2025,Project environmental benefits,5.0,51,Photovoltaic power generation demonstration project in parking lot canopy of Shengli Power Plant,0.0415,0.0291,New,Officially in operation,4.2.2,Construction and operation of solar energy utilization facilities,101,carbon emission reduction,W14,621.53,14976.6265,435.8198,actual value,"United Equator Environmental Assessment Co., Ltd."
Medium-term notes,green,5.0,1.82,18/12/2025,5.0,Pre-issuance,2025,Project environmental benefits,5.0,51,Photovoltaic power generation projects in areas such as the former Gudao Community Education Center and its integrated processing plant.,0.0412,0.0289,New,Officially in operation,4.2.2,Construction and operation of solar energy utilization facilities,101,carbon emission reduction,W14,1225.43,29743.4466,859.5856,actual value,"United Equator Environmental Assessment Co., Ltd."
Medium-term notes,green,5.0,1.82,18/12/2025,5.0,Pre-issuance,2025,Project environmental benefits,5.0,51,Photovoltaic power generation project in the area west of injection and production station 505 of Hekou Oilfield.,0.0249,0.0174,New,Officially in operation,4.2.2,Construction and operation of solar energy utilization facilities,101,carbon emission reduction,W14,525.09,21087.9518,366.9304,actual value,"United Equator Environmental Assessment Co., Ltd."
Medium-term notes,green,5.0,1.82,18/12/2025,5.0,Pre-issuance,2025,Project environmental benefits,5.0,51,"78MWp (60MW AC side) photovoltaic power generation project at Quzi Temple in Miluo City, Hunan Province",3.0182,0.222,New,Officially in operation,4.2.2,Construction and operation of solar energy utilization facilities,101,carbon emission reduction,W14,58160.51,19269.9324,4277.925,actual value,"United Equator Environmental Assessment Co., Ltd."
Medium-term notes,green,5.0,1.82,18/12/2025,5.0,Pre-issuance,2025,Project environmental benefits,5.0,51,Nanjing Chemical Machinery Plant Phase II 4.09MW Distributed Photovoltaic Project,0.124,0.007,New,Officially in operation,4.2.2,Construction and operation of solar energy utilization facilities,101,carbon emission reduction,W14,2405.49,19399.1129,135.7938,actual value,"United Equator Environmental Assessment Co., Ltd."
Medium-term notes,green,5.0,1.82,18/12/2025,5.0,Pre-issuance,2025,Project environmental benefits,5.0,51,Anhui Huainan Zhong'an United 1.85MW Distributed Photovoltaic Power Generation,0.0568,0.0471,New,Officially in operation,4.2.2,Construction and operation of solar energy utilization facilities,101,carbon emission reduction,W14,1253.68,22071.831,1039.5832,actual value,"United Equator Environmental Assessment Co., Ltd."
Medium-term notes,green,5.0,1.82,18/12/2025,5.0,Pre-issuance,2025,Project environmental benefits,5.0,51,Shanghai Jinshan 1.42MW Baling New Materials Distributed Photovoltaic Power Generation,0.0428,0.0351,New,Officially in operation,4.2.2,Construction and operation of solar energy utilization facilities,101,carbon emission reduction,W14,863.84,20183.1776,708.4295,actual value,"United Equator Environmental Assessment Co., Ltd."
Medium-term notes,green,5.0,1.82,18/12/2025,5.0,Pre-issuance,2025,Project environmental benefits,5.0,51,"Guangzhou Company's 1.78 MW rooftop distributed photovoltaic power generation project in Maoming, Guangdong",0.0488,0.0087,New,Officially in operation,4.2.2,Construction and operation of solar energy utilization facilities,101,carbon emission reduction,W14,1181.9,24219.2623,210.7076,actual value,"United Equator Environmental Assessment Co., Ltd."
Medium-term notes,green,5.0,1.82,18/12/2025,5.0,Pre-issuance,2025,Project environmental benefits,5.0,51,Zhanjiang Dongxing Petrochemical 1.59445MW Distributed Photovoltaic Power Generation Project,0.0662,0.0242,New,Officially in operation,4.2.2,Construction and operation of solar energy utilization facilities,101,carbon emission reduction,W14,1114.82,16840.1813,407.5324,actual value,"United Equator Environmental Assessment Co., Ltd."
Medium-term notes,green,5.0,1.82,18/12/2025,5.0,Pre-issuance,2025,Project environmental benefits,5.0,51,Gulei Petrochemical 10.53MW Distributed Photovoltaic Power Generation Project (Phase I),0.4998,0.3592,New,Officially in operation,4.2.2,Construction and operation of solar energy utilization facilities,101,carbon emission reduction,W14,8807.48,17622.0088,6329.8256,actual value,"United Equator Environmental Assessment Co., Ltd."
Medium-term notes,green,5.0,1.82,18/12/2025,5.0,Pre-issuance,2025,Project environmental benefits,5.0,51,"Shaanxi Zhongdi Energy Development and Construction Co., Ltd. Baishui 20MW Photovoltaic Agricultural Greenhouse Power Station Project",1.4999,1.0455,New,Officially in operation,4.2.2,Construction and operation of solar energy utilization facilities,101,carbon emission reduction,W14,21477.94,14319.5813,14971.1223,actual value,"United Equator Environmental Assessment Co., Ltd."
Medium-term notes,green,5.0,1.82,18/12/2025,5.0,Pre-issuance,2025,Project environmental benefits,5.0,51,"Distributed photovoltaic power generation project in Shuanghe East District, No. 1 Oil Production Plant, Henan Oilfield",0.1145,0.0728,New,Officially in operation,4.2.2,Construction and operation of solar energy utilization facilities,101,carbon emission reduction,W14,1817.85,15876.4192,1155.8033,actual value,"United Equator Environmental Assessment Co., Ltd."
Medium-term notes,green,5.0,1.82,18/12/2025,5.0,Pre-issuance,2025,Project environmental benefits,5.0,51,Zhoukou National Grain Depot West District Photovoltaic Power Generation Project,0.1443,0.101,New,Officially in operation,4.2.2,Construction and operation of solar energy utilization facilities,101,carbon emission reduction,W14,1667.0,11552.3216,1166.7845,actual value,"United Equator Environmental Assessment Co., Ltd."
Medium-term notes,green,5.0,1.82,18/12/2025,5.0,Pre-issuance,2025,Project environmental benefits,5.0,51,Zhoukou National Grain Depot East District Photovoltaic Power Generation Project,0.1271,0.0889,New,Officially in operation,4.2.2,Construction and operation of solar energy utilization facilities,101,carbon emission reduction,W14,1461.55,11499.2132,1022.2801,actual value,"United Equator Environmental Assessment Co., Ltd."
Medium-term notes,green,5.0,1.82,18/12/2025,5.0,Pre-issuance,2025,Project environmental benefits,5.0,51,"Wudeli Photovoltaic Power Generation Project (Phase I) in Zhoukou, Henan",0.1135,0.0794,New,Officially in operation,4.2.2,Construction and operation of solar energy utilization facilities,101,carbon emission reduction,W14,1330.5,11722.467,930.7639,actual value,"United Equator Environmental Assessment Co., Ltd."
Medium-term notes,green,5.0,1.82,18/12/2025,5.0,Pre-issuance,2025,Project environmental benefits,5.0,51,"Photovoltaic power generation project in Huaiyuan Town, Tongbai County, Henan Province",0.1217,0.0852,New,Officially in operation,4.2.2,Construction and operation of solar energy utilization facilities,101,carbon emission reduction,W14,1468.29,12064.8316,1027.9236,actual value,"United Equator Environmental Assessment Co., Ltd."
Medium-term notes,green,5.0,1.82,18/12/2025,5.0,Pre-issuance,2025,Project environmental benefits,5.0,51,Shengli Oilfield manages distributed photovoltaic power generation projects in areas such as Tuo 3-2-17 in Zone 7.,0.0699,0.0489,New,Officially in operation,4.2.2,Construction and operation of solar energy utilization facilities,101,carbon emission reduction,W14,1863.13,26654.2203,1303.3914,actual value,"United Equator Environmental Assessment Co., Ltd."
Medium-term notes,green,5.0,1.82,18/12/2025,5.0,Pre-issuance,2025,Project environmental benefits,5.0,51,"Steam Injection Technology Service Center, Gudao Steam Injection Project Department, Photovoltaic Power Generation Project",0.0677,0.0474,New,Officially in operation,4.2.2,Construction and operation of solar energy utilization facilities,101,carbon emission reduction,W14,2044.77,30203.3973,1431.641,actual value,"United Equator Environmental Assessment Co., Ltd."
Medium-term notes,green,5.0,1.82,18/12/2025,5.0,Pre-issuance,2025,Project environmental benefits,5.0,51,Photovoltaic power generation project in the area surrounding the asset warehouse of the offshore oil production plant supply station,0.0653,0.0457,New,Officially in operation,4.2.2,Construction and operation of solar energy utilization facilities,101,carbon emission reduction,W14,2484.98,38054.8239,1739.1055,actual value,"United Equator Environmental Assessment Co., Ltd."
Medium-term notes,green,5.0,1.82,18/12/2025,5.0,Pre-issuance,2025,Project environmental benefits,5.0,51,Distributed photovoltaic power generation projects in areas such as the former Gudao Motorcade of the Oil and Gas Gathering and Transportation Plant,0.0632,0.0442,New,Officially in operation,4.2.2,Construction and operation of solar energy utilization facilities,101,carbon emission reduction,W14,2154.4,34088.6076,1506.7165,actual value,"United Equator Environmental Assessment Co., Ltd."
Medium-term notes,green,5.0,1.82,18/12/2025,5.0,Pre-issuance,2025,Project environmental benefits,5.0,51,Nanjing Estun Distributed Photovoltaic Power Generation Project,0.0805,0.0178,New,Officially in operation,4.2.2,Construction and operation of solar energy utilization facilities,101,carbon emission reduction,W14,1089.15,13529.8137,240.8307,actual value,"United Equator Environmental Assessment Co., Ltd."
Medium-term notes,green,5.0,1.82,18/12/2025,5.0,Pre-issuance,2025,Project environmental benefits,5.0,51,Jiangsu Changcheng 1.5MW Rooftop Distributed Photovoltaic Power Station,0.0982,0.0285,New,Officially in operation,4.2.2,Construction and operation of solar energy utilization facilities,101,carbon emission reduction,W14,1023.36,10421.1813,297.0037,actual value,"United Equator Environmental Assessment Co., Ltd."
Medium-term notes,green,5.0,1.82,18/12/2025,5.0,Pre-issuance,2025,Project environmental benefits,5.0,51,"Shanghai Qigang Industrial Co., Ltd. Distributed Photovoltaic Power Generation Project",0.0666,0.0137,New,Officially in operation,4.2.2,Construction and operation of solar energy utilization facilities,101,carbon emission reduction,W14,741.42,11132.4324,152.5143,actual value,"United Equator Environmental Assessment Co., Ltd."
Medium-term notes,green,5.0,1.82,18/12/2025,5.0,Pre-issuance,2025,Project environmental benefits,5.0,51,"Distributed photovoltaic power generation project of Canal Middle School in Xuzhou City, Jiangsu Province",0.0952,0.0238,New,Officially in operation,4.2.2,Construction and operation of solar energy utilization facilities,101,carbon emission reduction,W14,948.46,9962.8151,237.115,actual value,"United Equator Environmental Assessment Co., Ltd."
Medium-term notes,green,5.0,1.82,18/12/2025,5.0,Pre-issuance,2025,Project environmental benefits,5.0,51,Haikou HNA Riyue Plaza Distributed Photovoltaic Power Generation Project,0.177,0.097,New,Officially in operation,4.2.2,Construction and operation of solar energy utilization facilities,101,carbon emission reduction,W14,2193.36,12391.8644,1202.0108,actual value,"United Equator Environmental Assessment Co., Ltd."
Medium-term notes,green,5.0,1.82,18/12/2025,5.0,Pre-issuance,2025,Project environmental benefits,5.0,51,"Foshan Henglitai Machinery Co., Ltd. 2MWp Distributed Photovoltaic Power Station Project",0.1211,0.038,New,Officially in operation,4.2.2,Construction and operation of solar energy utilization facilities,101,carbon emission reduction,W14,1189.89,9825.6813,373.3759,actual value,"United Equator Environmental Assessment Co., Ltd."
Medium-term notes,green,5.0,1.82,18/12/2025,5.0,Pre-issuance,2025,Project environmental benefits,5.0,51,Xi'an Dedicated Pipe Baoji Base 4MWp Distributed Photovoltaic Power Station Project,0.2495,0.11,New,Officially in operation,4.2.2,Construction and operation of solar energy utilization facilities,101,carbon emission reduction,W14,2466.44,9885.5311,1087.4084,actual value,"United Equator Environmental Assessment Co., Ltd."
Medium-term notes,green,5.0,1.82,18/12/2025,5.0,Pre-issuance,2025,Project environmental benefits,5.0,51,Xianyang Fast 4.5MW Distributed Photovoltaic Power Generation Project,0.1705,0.109,New,Officially in operation,4.2.2,Construction and operation of solar energy utilization facilities,101,carbon emission reduction,W14,3538.8,20755.4252,2262.3413,actual value,"United Equator Environmental Assessment Co., Ltd."
Medium-term notes,green,5.0,1.82,18/12/2025,5.0,Pre-issuance,2025,Project environmental benefits,5.0,51,Henan Zhumadian Huayuan Photovoltaic Company Rooftop Photovoltaic Power Generation Project,0.2143,0.15,New,Officially in operation,4.2.2,Construction and operation of solar energy utilization facilities,101,carbon emission reduction,W14,2665.42,12437.7975,1865.6696,actual value,"United Equator Environmental Assessment Co., Ltd."
Medium-term notes,green,5.0,1.82,18/12/2025,5.0,Pre-issuance,2025,Project environmental benefits,5.0,51,Henan Zhumadian Huashun Sunshine Company Rooftop Photovoltaic Power Generation Project,0.2235,0.1565,New,Officially in operation,4.2.2,Construction and operation of solar energy utilization facilities,101,carbon emission reduction,W14,2630.03,11767.472,1841.6094,actual value,"United Equator Environmental Assessment Co., Ltd."
Medium-term notes,green,5.0,1.82,18/12/2025,5.0,Pre-issuance,2025,Project environmental benefits,5.0,51,Zhongyuan Oilfield Machang Joint Station Photovoltaic Power Generation Project,0.272,0.079,New,Officially in operation,4.2.2,Construction and operation of solar energy utilization facilities,101,carbon emission reduction,W14,2526.83,9289.8162,733.8955,actual value,"United Equator Environmental Assessment Co., Ltd."
Medium-term notes,green,5.0,1.82,18/12/2025,5.0,Pre-issuance,2025,Project environmental benefits,5.0,51,Huajin Steel Structure Photovoltaic Project,0.1557,0.06,New,Officially in operation,4.2.2,Construction and operation of solar energy utilization facilities,101,carbon emission reduction,W14,2811.07,18054.3995,1083.264,actual value,"United Equator Environmental Assessment Co., Ltd."
Medium-term notes,green,4.0,1.8,27/11/2025,5.0,Pre-issuance,2025,Project environmental benefits,4.0,1,"Replenishment, etc.: Demonstration Project of Carbon Dioxide Flooding and Storage in Gao89-Fan142 Area, Shengli Oilfield Branch",10.63,4.0,New,Officially in operation,1.5.1,"Carbon dioxide capture, utilization and storage",101,carbon emission reduction,W14,700000.0,65851.3641,263400.0,actual value,"United Equator Environmental Assessment Co., Ltd."
Medium-term notes,green,1.3,1.95,13/10/2025,3.0,Pre-issuance,2025,Project environmental benefits,1.3,1,Zhejiang Jinyun Pumped Storage Power Station Project,103.9,1.3,New,Under construction,3.2.3.5,Construction and operation of pumped storage power stations,101,carbon emission reduction,W14,166602.24,1603.4864,2084.5324,Expected value,"China Credit Green Technology (Beijing) Co., Ltd."
Medium-term notes,green,5.0,1.94,21/10/2025,3.0,Pre-issuance,2025,Project environmental benefits,5.0,6,Shanghai Merchants Zhenjing,112.12,2.6,New,Under construction,6.1.1,Green building construction and operation,101,carbon emission reduction,W14,5288.05,47.1642,122.6269,Expected value,"United Equator Environmental Assessment Co., Ltd."
Medium-term notes,green,5.0,1.94,21/10/2025,3.0,Pre-issuance,2025,Project environmental benefits,5.0,6,"2024NJY-3 Plot located west of Fenghuang Avenue and north of Hengli Middle Road, Hengli Island",19.69,0.75,New,Under construction,6.1.1,Green building construction and operation,101,carbon emission reduction,W14,664.85,33.7659,25.3244,Expected value,"United Equator Environmental Assessment Co., Ltd."
Medium-term notes,green,5.0,1.94,21/10/2025,3.0,Pre-issuance,2025,Project environmental benefits,5.0,6,Suzhou Huxi Brilliant Phase,14.61,0.55,New,Completed,6.1.1,Green building construction and operation,101,carbon emission reduction,W14,1289.26,88.245,48.5348,actual value,"United Equator Environmental Assessment Co., Ltd."
Medium-term notes,green,5.0,1.94,21/10/2025,3.0,Pre-issuance,2025,Project environmental benefits,5.0,6,City Home DK3 Project,26.21,0.3,New,Completed,6.1.1,Green building construction and operation,101,carbon emission reduction,W14,16400.19,625.7226,187.7168,actual value,"United Equator Environmental Assessment Co., Ltd."
Medium-term notes,green,5.0,1.94,21/10/2025,3.0,Pre-issuance,2025,Project environmental benefits,5.0,6,Foshan Jiangxuyuan Phase I,39.69,0.5,New,Under construction,6.1.1,Green building construction and operation,101,carbon emission reduction,W14,1313.46,33.093,16.5465,Expected value,"United Equator Environmental Assessment Co., Ltd."
Medium-term notes,green,5.0,1.94,21/10/2025,3.0,Pre-issuance,2025,Project environmental benefits,5.0,6,Preface to Jincheng,26.67,0.3,New,Under construction,6.1.1,Green building construction and operation,101,carbon emission reduction,W14,660.98,24.7837,7.4351,Expected value,"United Equator Environmental Assessment Co., Ltd."
Medium-term notes,green,4.5,2.55,26/11/2025,1.5,Pre-issuance,2025,Project environmental benefits,4.5,1,Wuxi XDG-2020-54 Plot Project,95.0027,4.5,New,Under construction,6.1.1,Green building construction and operation,101,carbon emission reduction,W14,8519.24,89.6737,403.53,Expected value,"United Equator Environmental Assessment Co., Ltd."
Medium-term notes,green,2.5,2.6,31/12/2025,6.0,Pre-issuance,2025,Project environmental benefits,2.5,2,Jiayueli A10 Project,18.7627,1.0,New,Under construction,6.1.1,Green building construction and operation,101,carbon emission reduction,W14,1103.13,58.7938,58.7938,Expected value,"United Equator Environmental Assessment Co., Ltd."
Medium-term notes,green,2.5,2.6,31/12/2025,6.0,Pre-issuance,2025,Project environmental benefits,2.5,2,Yuhua Xinshu Project,59.3307,1.5,New,Under construction,6.1.1,Green building construction and operation,101,carbon emission reduction,W14,30788.15,518.9244,778.387,Expected value,"United Equator Environmental Assessment Co., Ltd."
Financial bonds,green,70.0,1.78,11/12/2025,3.0,Pre-issuance,2025,Project environmental benefits,70.0,3,A 1.2 million kilowatt wind power project (phase II) of a new energy project.,34.98,23.1073,New,Under construction,4.2.1,Construction and operation of wind power facilities,101,carbon emission reduction,W14,1286300.0,36772.4414,849710.3577,Expected value,"United Equator Environmental Assessment Co., Ltd."
Financial bonds,green,70.0,1.78,11/12/2025,3.0,Pre-issuance,2025,Project environmental benefits,70.0,3,The No. 27 rail transit project in a certain city,368.0,24.97,New,Under construction,6.2.6,Construction and operation of urban and rural passenger transport systems,101,carbon emission reduction,W14,30200.0,82.0652,2049.1667,Expected value,"United Equator Environmental Assessment Co., Ltd."
Financial bonds,green,70.0,1.78,11/12/2025,3.0,Pre-issuance,2025,Project environmental benefits,70.0,3,certain offshore wind farm project,67.76,21.9228,New,Officially in operation,4.2.1,Construction and operation of wind power facilities,101,carbon emission reduction,W14,1168100.0,17238.7839,377921.7577,actual value,"United Equator Environmental Assessment Co., Ltd."
Financial bonds,green,70.0,1.78,11/12/2025,3.0,Pre-issuance,2025,Project environmental benefits,70.0,3,Two energy green and low-carbon transformation projects,102.74,45.03,New,,4.2.1,Construction and operation of wind power facilities,101,carbon emission reduction,W14,2454400.0,23889.4296,1075741.538,Expected value,"United Equator Environmental Assessment Co., Ltd."
Financial bonds,green,70.0,1.78,11/12/2025,3.0,Pre-issuance,2025,Project environmental benefits,70.0,3,Three projects in total: green upgrading of infrastructure and green and low-carbon energy transition.,470.74,70.0,New,,0.0.0.0,comprehensive,101,carbon emission reduction,W14,2484600.0,5278.0728,1287300.0,Expected value,"United Equator Environmental Assessment Co., Ltd."
Medium-term notes,green,4.5,2.25,26/2/2026,3.0,Pre-issuance,2026,Project environmental benefits,4.5,3,"Supplemental flow, etc.: Minyue Technology's direct leasing project for computing power.",1.49,0.4,New,Under construction,6.6.2,Green Data Center Construction,101,carbon emission reduction,W14,203.55,136.6107,54.64,Expected value,"China Credit Green Technology (Beijing) Co., Ltd."
Medium-term notes,green,4.5,2.25,26/2/2026,3.0,Pre-issuance,2026,Project environmental benefits,4.5,3,"Supplemental power supply, etc.: Shanxi Henglong New Energy 200MW/400MWh Independent Peak Shaving and Frequency Regulation Energy Storage Direct Leasing Project",4.5056,3.4,New,Officially in operation,4.3.2,Construction and operation of new energy storage facilities,101,carbon emission reduction,W14,50834.03,11282.4108,38360.19,actual value,"China Credit Green Technology (Beijing) Co., Ltd."
Medium-term notes,green,5.0,2.7,5/2/2026,5.0,Pre-issuance,2026,Project environmental benefits,5.0,28,Nayi Photovoltaic Power Station,3.2184,0.1108,New,Officially in operation,4.2.2,Construction and operation of solar energy utilization facilities,101,carbon emission reduction,W14,65400.0,20320.6562,2252.0624,actual value,"United Equator Environmental Assessment Co., Ltd."
Medium-term notes,green,5.0,2.7,5/2/2026,5.0,Pre-issuance,2026,Project environmental benefits,5.0,28,Shidongshan Photovoltaic Power Station,5.3243,0.1833,New,Officially in operation,4.2.2,Construction and operation of solar energy utilization facilities,101,carbon emission reduction,W14,73800.0,13860.977,2541.3181,actual value,"United Equator Environmental Assessment Co., Ltd."
Medium-term notes,green,5.0,2.7,5/2/2026,5.0,Pre-issuance,2026,Project environmental benefits,5.0,28,Hongzaotang Photovoltaic Power Generation Project,1.575,0.0542,New,Under construction,4.2.2,Construction and operation of solar energy utilization facilities,101,carbon emission reduction,W14,35500.0,22539.6825,1222.4498,Expected value,"United Equator Environmental Assessment Co., Ltd."
Medium-term notes,green,5.0,2.7,5/2/2026,5.0,Pre-issuance,2026,Project environmental benefits,5.0,28,Black Twilight Photovoltaic Power Station,3.635,0.1252,New,Officially in operation,4.2.2,Construction and operation of solar energy utilization facilities,101,carbon emission reduction,W14,64500.0,17744.1541,2221.0707,actual value,"United Equator Environmental Assessment Co., Ltd."
Medium-term notes,green,5.0,2.7,5/2/2026,5.0,Pre-issuance,2026,Project environmental benefits,5.0,28,Zhuangke Photovoltaic Power Generation Project,2.75,0.0947,New,Under construction,4.2.2,Construction and operation of solar energy utilization facilities,101,carbon emission reduction,W14,53600.0,19490.9091,1845.727,Expected value,"United Equator Environmental Assessment Co., Ltd."
Medium-term notes,green,5.0,2.7,5/2/2026,5.0,Pre-issuance,2026,Project environmental benefits,5.0,28,Mali Tree Photovoltaic Power Station,3.525,0.1214,New,Officially in operation,4.2.2,Construction and operation of solar energy utilization facilities,101,carbon emission reduction,W14,64000.0,18156.0284,2203.8531,actual value,"United Equator Environmental Assessment Co., Ltd."
Medium-term notes,green,5.0,2.7,5/2/2026,5.0,Pre-issuance,2026,Project environmental benefits,5.0,28,Damaidi Photovoltaic Power Station,7.3323,0.2525,New,Officially in operation,4.2.2,Construction and operation of solar energy utilization facilities,101,carbon emission reduction,W14,140500.0,19161.791,4838.1463,actual value,"United Equator Environmental Assessment Co., Ltd."
Medium-term notes,green,5.0,2.7,5/2/2026,5.0,Pre-issuance,2026,Project environmental benefits,5.0,28,Chenghongzhai Photovoltaic Power Generation Project,4.005,0.1379,New,Under construction,4.2.2,Construction and operation of solar energy utilization facilities,101,carbon emission reduction,W14,37000.0,9238.4519,1274.1026,Expected value,"United Equator Environmental Assessment Co., Ltd."
Medium-term notes,green,5.0,2.7,5/2/2026,5.0,Pre-issuance,2026,Project environmental benefits,5.0,28,Yangliuzhai Photovoltaic Power Station,12.2544,0.422,New,Officially in operation,4.2.2,Construction and operation of solar energy utilization facilities,101,carbon emission reduction,W14,249700.0,20376.3546,8598.4707,actual value,"United Equator Environmental Assessment Co., Ltd."
Medium-term notes,green,5.0,2.7,5/2/2026,5.0,Pre-issuance,2026,Project environmental benefits,5.0,28,Honghe County Dabaineng New Energy Photovoltaic Power Generation Project,6.5069,0.2241,New,Officially in operation,4.2.2,Construction and operation of solar energy utilization facilities,101,carbon emission reduction,W14,112100.0,17227.8658,3860.1865,actual value,"United Equator Environmental Assessment Co., Ltd."
Medium-term notes,green,5.0,2.7,5/2/2026,5.0,Pre-issuance,2026,Project environmental benefits,5.0,28,Xiaoailai Photovoltaic Power Generation Project,5.0,0.1722,New,Officially in operation,4.2.2,Construction and operation of solar energy utilization facilities,101,carbon emission reduction,W14,84900.0,16980.0,2923.5489,actual value,"United Equator Environmental Assessment Co., Ltd."
Medium-term notes,green,5.0,2.7,5/2/2026,5.0,Pre-issuance,2026,Project environmental benefits,5.0,28,Daheitu Photovoltaic Power Station,11.1577,0.3842,New,Officially in operation,4.2.2,Construction and operation of solar energy utilization facilities,101,carbon emission reduction,W14,228300.0,20461.2062,7861.5573,actual value,"United Equator Environmental Assessment Co., Ltd."
Medium-term notes,green,5.0,2.7,5/2/2026,5.0,Pre-issuance,2026,Project environmental benefits,5.0,28,Wangjiazhuang Photovoltaic Power Generation Project,8.1,0.2789,New,Under construction,4.2.2,Construction and operation of solar energy utilization facilities,101,carbon emission reduction,W14,190700.0,23543.2099,6566.7936,Expected value,"United Equator Environmental Assessment Co., Ltd."
Medium-term notes,green,5.0,2.7,5/2/2026,5.0,Pre-issuance,2026,Project environmental benefits,5.0,28,Meadow Valley Photovoltaic Power Generation Project,0.9,0.031,New,Under construction,4.2.2,Construction and operation of solar energy utilization facilities,101,carbon emission reduction,W14,21000.0,23333.3333,723.1393,Expected value,"United Equator Environmental Assessment Co., Ltd."
Medium-term notes,green,5.0,2.7,5/2/2026,5.0,Pre-issuance,2026,Project environmental benefits,5.0,28,Pepper Tree Photovoltaic Power Generation Project,2.5783,0.0888,New,Officially in operation,4.2.2,Construction and operation of solar energy utilization facilities,101,carbon emission reduction,W14,59400.0,23038.4362,2045.4512,actual value,"United Equator Environmental Assessment Co., Ltd."
Medium-term notes,green,5.0,2.7,5/2/2026,5.0,Pre-issuance,2026,Project environmental benefits,5.0,28,Arushan Photovoltaic Power Generation Project,1.25,0.043,New,Under construction,4.2.2,Construction and operation of solar energy utilization facilities,101,carbon emission reduction,W14,24200.0,19360.0,833.332,Expected value,"United Equator Environmental Assessment Co., Ltd."
Medium-term notes,green,5.0,2.7,5/2/2026,5.0,Pre-issuance,2026,Project environmental benefits,5.0,28,Northwest Le Photovoltaic Power Station,4.0306,0.1388,New,Officially in operation,4.2.2,Construction and operation of solar energy utilization facilities,101,carbon emission reduction,W14,80600.0,19997.0228,2775.4775,actual value,"United Equator Environmental Assessment Co., Ltd."
Medium-term notes,green,5.0,2.7,5/2/2026,5.0,Pre-issuance,2026,Project environmental benefits,5.0,28,Damaitan Photovoltaic Power Station Project,4.9653,0.171,New,Officially in operation,4.2.2,Construction and operation of solar energy utilization facilities,101,carbon emission reduction,W14,93300.0,18790.4054,3212.8046,actual value,"United Equator Environmental Assessment Co., Ltd."
Medium-term notes,green,5.0,2.7,5/2/2026,5.0,Pre-issuance,2026,Project environmental benefits,5.0,28,Green Divergence Photovoltaic Power Generation Project,1.665,0.0573,New,Under construction,4.2.2,Construction and operation of solar energy utilization facilities,101,carbon emission reduction,W14,39400.0,23663.6637,1356.7471,Expected value,"United Equator Environmental Assessment Co., Ltd."
Medium-term notes,green,5.0,2.7,5/2/2026,5.0,Pre-issuance,2026,Project environmental benefits,5.0,28,Hongtian Photovoltaic Power Generation Project,15.3,0.5269,New,Under construction,4.2.2,Construction and operation of solar energy utilization facilities,101,carbon emission reduction,W14,381900.0,24960.7843,13150.8048,Expected value,"United Equator Environmental Assessment Co., Ltd."
Medium-term notes,green,5.0,2.7,5/2/2026,5.0,Pre-issuance,2026,Project environmental benefits,5.0,28,Houdong Photovoltaic Power Generation Project,0.99,0.0341,New,Under construction,4.2.2,Construction and operation of solar energy utilization facilities,101,carbon emission reduction,W14,22900.0,23131.3131,788.5662,Expected value,"United Equator Environmental Assessment Co., Ltd."
Medium-term notes,green,5.0,2.7,5/2/2026,5.0,Pre-issuance,2026,Project environmental benefits,5.0,28,Honghe County Duoduo Ke New Energy Photovoltaic Power Generation Project,10.6611,0.3671,New,Officially in operation,4.2.2,Construction and operation of solar energy utilization facilities,101,carbon emission reduction,W14,182500.0,17118.3086,6284.4249,actual value,"United Equator Environmental Assessment Co., Ltd."
Medium-term notes,green,5.0,2.7,5/2/2026,5.0,Pre-issuance,2026,Project environmental benefits,5.0,28,Laozhai Village Photovoltaic Power Station,2.9425,0.1013,New,Officially in operation,4.2.2,Construction and operation of solar energy utilization facilities,101,carbon emission reduction,W14,59700.0,20288.87,2055.7817,actual value,"United Equator Environmental Assessment Co., Ltd."
Medium-term notes,green,5.0,2.7,5/2/2026,5.0,Pre-issuance,2026,Project environmental benefits,5.0,28,Luxi County Kongzhaopu Photovoltaic Power Generation Project,7.4581,0.2568,New,Officially in operation,4.2.2,Construction and operation of solar energy utilization facilities,101,carbon emission reduction,W14,122900.0,16478.7278,4232.0867,actual value,"United Equator Environmental Assessment Co., Ltd."
Medium-term notes,green,5.0,2.7,5/2/2026,5.0,Pre-issuance,2026,Project environmental benefits,5.0,28,Chongzi Photovoltaic Power Station,9.6926,0.3338,New,Officially in operation,4.2.2,Construction and operation of solar energy utilization facilities,101,carbon emission reduction,W14,196000.0,20221.6124,6749.3002,actual value,"United Equator Environmental Assessment Co., Ltd."
Medium-term notes,green,5.0,2.7,5/2/2026,5.0,Pre-issuance,2026,Project environmental benefits,5.0,28,Luxi County Dadailu Photovoltaic Power Generation Project,1.6141,0.0556,New,Officially in operation,4.2.2,Construction and operation of solar energy utilization facilities,101,carbon emission reduction,W14,28500.0,17656.8986,981.4033,actual value,"United Equator Environmental Assessment Co., Ltd."
Medium-term notes,green,5.0,2.7,5/2/2026,5.0,Pre-issuance,2026,Project environmental benefits,5.0,28,Xiaoshiyan Photovoltaic Power Station,2.8744,0.099,New,Officially in operation,4.2.2,Construction and operation of solar energy utilization facilities,101,carbon emission reduction,W14,56300.0,19586.6964,1938.702,actual value,"United Equator Environmental Assessment Co., Ltd."
Medium-term notes,green,5.0,2.7,5/2/2026,5.0,Pre-issuance,2026,Project environmental benefits,5.0,28,Luositang Photovoltaic Power Station,3.8946,0.1341,New,Officially in operation,4.2.2,Construction and operation of solar energy utilization facilities,101,carbon emission reduction,W14,76200.0,19565.5523,2623.9626,actual value,"United Equator Environmental Assessment Co., Ltd."
Medium-term notes,green,5.0,2.04,6/1/2026,5.0,Pre-issuance,2026,Project environmental benefits,5.0,3,"Supplementary flow, etc.: Nanchang Metro Line 1",200.32,2.4872,refinancing,Officially in operation,6.2.6,Construction and operation of urban and rural passenger transport systems,101,carbon emission reduction,W14,31667.33,158.0837,393.1876,actual value,"China Bond Rating Co., Ltd."
Medium-term notes,green,5.0,2.04,6/1/2026,5.0,Pre-issuance,2026,Project environmental benefits,5.0,3,"Supplementary flow, etc.: Nanchang Metro Line 2, Nanchang Metro Line 2 South Extension",202.38,2.5128,refinancing,Officially in operation,6.2.6,Construction and operation of urban and rural passenger transport systems,101,carbon emission reduction,W14,21499.37,106.2327,266.9403,actual value,"China Bond Rating Co., Ltd."
Medium-term notes,green,11.0,2.7,30/12/2025,3.0,Pre-issuance,2025,Project environmental benefits,11.0,8,"Replenishment of water supply, etc.: Anda Guangyuan Laohugang Wind Farm, Anda Renmin Laohugang Wind Farm",8.7965,3.597,refinancing,Officially in operation,4.2.1,Construction and operation of wind power facilities,101,carbon emission reduction,W14,168800.0,19189.4503,69023.5297,actual value,"United Equator Environmental Assessment Co., Ltd."
Medium-term notes,green,11.0,2.7,30/12/2025,3.0,Pre-issuance,2025,Project environmental benefits,11.0,8,"Replenishment flow, etc.: Zhaoyuan Xinlong Shunde Phase II Wind Farm",3.8433,1.5716,refinancing,Officially in operation,4.2.1,Construction and operation of wind power facilities,101,carbon emission reduction,W14,124900.0,32498.1136,51072.5051,actual value,"United Equator Environmental Assessment Co., Ltd."
Medium-term notes,green,11.0,2.7,30/12/2025,3.0,Pre-issuance,2025,Project environmental benefits,11.0,8,"Replenishment flow, etc.: Zhaoyuan Daxing Wind Farm",4.479,1.8315,refinancing,Officially in operation,4.2.1,Construction and operation of wind power facilities,101,carbon emission reduction,W14,130600.0,29158.2943,53403.2759,actual value,"United Equator Environmental Assessment Co., Ltd."
Medium-term notes,green,2.0,2.08,22/12/2025,3.0,Pre-issuance,2025,Project environmental benefits,2.0,12,Datang Liulin Phase II 100MW Forestry-Agriculture Photovoltaic Complementary Power Generation Project,5.7071,0.04,New,Under construction,4.2.2,Construction and operation of solar energy utilization facilities,101,carbon emission reduction,W14,132000.0,23129.0848,925.1634,Expected value,"United Equator Environmental Assessment Co., Ltd."
Medium-term notes,green,2.0,2.08,22/12/2025,3.0,Pre-issuance,2025,Project environmental benefits,2.0,12,Datang Liulin 100MW Agricultural-Solar Hybrid Power Generation Project,5.5878,0.17,New,Officially in operation,4.2.2,Construction and operation of solar energy utilization facilities,101,carbon emission reduction,W14,143800.0,25734.6362,4374.8537,actual value,"United Equator Environmental Assessment Co., Ltd."
Medium-term notes,green,2.0,2.08,22/12/2025,3.0,Pre-issuance,2025,Project environmental benefits,2.0,12,Datang Xingxian 100MW Photovoltaic Power Generation Project,4.5022,0.22,New,Under construction,4.2.2,Construction and operation of solar energy utilization facilities,101,carbon emission reduction,W14,124900.0,27741.9928,6103.2303,Expected value,"United Equator Environmental Assessment Co., Ltd."
Medium-term notes,green,2.0,2.08,22/12/2025,3.0,Pre-issuance,2025,Project environmental benefits,2.0,12,Loufan County 100MW Photovoltaic Project,5.4998,0.24,New,Under construction,4.2.2,Construction and operation of solar energy utilization facilities,101,carbon emission reduction,W14,144200.0,26219.1352,6292.597,Expected value,"United Equator Environmental Assessment Co., Ltd."
Medium-term notes,green,2.0,2.08,22/12/2025,3.0,Pre-issuance,2025,Project environmental benefits,2.0,12,Datang Qiyi Canal 36MW Distributed Photovoltaic Demonstration Project in Yaodu District,1.5388,0.08,New,Officially in operation,4.2.2,Construction and operation of solar energy utilization facilities,101,carbon emission reduction,W14,41300.0,26839.0954,2147.1458,actual value,"United Equator Environmental Assessment Co., Ltd."
Medium-term notes,green,2.0,2.08,22/12/2025,3.0,Pre-issuance,2025,Project environmental benefits,2.0,12,Datang Xiyang Photovoltaic Power Generation Project,5.7132,0.18,New,Under construction,4.2.2,Construction and operation of solar energy utilization facilities,101,carbon emission reduction,W14,133300.0,23331.9331,4199.77,Expected value,"United Equator Environmental Assessment Co., Ltd."
Medium-term notes,green,2.0,2.08,22/12/2025,3.0,Pre-issuance,2025,Project environmental benefits,2.0,12,Tianzhen Datang Shanxi 100MW Photovoltaic Power Generation Project,5.56,0.14,New,Officially in operation,4.2.2,Construction and operation of solar energy utilization facilities,101,carbon emission reduction,W14,146900.0,26420.8633,3698.9209,actual value,"United Equator Environmental Assessment Co., Ltd."
Medium-term notes,green,2.0,2.08,22/12/2025,3.0,Pre-issuance,2025,Project environmental benefits,2.0,12,Datang Yuci 100MW Photovoltaic Power Generation Project,5.5854,0.23,New,Under construction,4.2.2,Construction and operation of solar energy utilization facilities,101,carbon emission reduction,W14,134800.0,24134.3503,5550.9373,Expected value,"United Equator Environmental Assessment Co., Ltd."
Medium-term notes,green,2.0,2.08,22/12/2025,3.0,Pre-issuance,2025,Project environmental benefits,2.0,12,Datang Shanxi Qinshui Duanshi 100MW Photovoltaic Power Generation Project,5.1217,0.15,New,Officially in operation,4.2.2,Construction and operation of solar energy utilization facilities,101,carbon emission reduction,W14,128900.0,25167.4249,3775.141,actual value,"United Equator Environmental Assessment Co., Ltd."
Medium-term notes,green,2.0,2.08,22/12/2025,3.0,Pre-issuance,2025,Project environmental benefits,2.0,12,Datang Yingxian 40MW Photovoltaic Power Generation Project,2.1855,0.01,New,Officially in operation,4.2.2,Construction and operation of solar energy utilization facilities,101,carbon emission reduction,W14,57300.0,26218.2567,262.184,actual value,"United Equator Environmental Assessment Co., Ltd."
Medium-term notes,green,2.0,2.08,22/12/2025,3.0,Pre-issuance,2025,Project environmental benefits,2.0,12,Datang Taigu 100MW Photovoltaic Power Generation Project,5.6101,0.3,New,Officially in operation,4.2.2,Construction and operation of solar energy utilization facilities,101,carbon emission reduction,W14,136500.0,24331.1171,7299.3143,actual value,"United Equator Environmental Assessment Co., Ltd."
Medium-term notes,green,2.0,2.08,22/12/2025,3.0,Pre-issuance,2025,Project environmental benefits,2.0,12,Datang Fanshi Shahe 100MW Photovoltaic Power Generation Project,5.7537,0.24,New,Under construction,4.2.2,Construction and operation of solar energy utilization facilities,101,carbon emission reduction,W14,143100.0,24870.9526,5968.9996,Expected value,"United Equator Environmental Assessment Co., Ltd."
Medium-term notes,green,5.0,2.4,19/12/2025,3.0,Pre-issuance,2025,Project environmental benefits,5.0,51,"Supplementary water supply, etc.: 20 MW fishery-solar complementary project in Jingwu Town, Xiqing District; 10 MW phase II fishery-solar complementary project in Jingwu Town, Xiqing District.",2.85,0.0042,refinancing,Officially in operation,4.2.2,Construction and operation of solar energy utilization facilities,101,carbon emission reduction,W14,25878.9,9080.3158,38.1738,actual value,"United Equator Environmental Assessment Co., Ltd."
Medium-term notes,green,5.0,2.4,19/12/2025,3.0,Pre-issuance,2025,Project environmental benefits,5.0,51,30MW Ground-Mounted Agricultural Photovoltaic Power Station Project,3.6,0.0458,Unknown,Officially in operation,4.2.2,Construction and operation of solar energy utilization facilities,101,carbon emission reduction,W14,32025.56,8895.9889,407.0481,actual value,"United Equator Environmental Assessment Co., Ltd."
Medium-term notes,green,5.0,2.4,19/12/2025,3.0,Pre-issuance,2025,Project environmental benefits,5.0,51,"Shouguang Changsheng Solar Energy Technology Co., Ltd.'s 20 MW Agricultural Greenhouse Photovoltaic Power Generation Project",1.93,0.0245,Unknown,Officially in operation,4.2.2,Construction and operation of solar energy utilization facilities,101,carbon emission reduction,W14,19425.97,10065.2694,246.906,actual value,"United Equator Environmental Assessment Co., Ltd."
Medium-term notes,green,5.0,2.4,19/12/2025,3.0,Pre-issuance,2025,Project environmental benefits,5.0,51,Dongying (Shengli) Chenghe Distributed Photovoltaic Demonstration Zone 20 MW Project,1.49,0.0189,Unknown,Officially in operation,4.2.2,Construction and operation of solar energy utilization facilities,101,carbon emission reduction,W14,20740.16,13919.5705,263.6095,actual value,"United Equator Environmental Assessment Co., Ltd."
Medium-term notes,green,5.0,2.4,19/12/2025,3.0,Pre-issuance,2025,Project environmental benefits,5.0,51,Dongying (Shengli) City-Linked Distributed Photovoltaic Demonstration Zone 20 MW Project,1.49,0.0189,Unknown,Officially in operation,4.2.2,Construction and operation of solar energy utilization facilities,101,carbon emission reduction,W14,19408.57,13025.8859,246.6849,actual value,"United Equator Environmental Assessment Co., Ltd."
Medium-term notes,green,5.0,2.4,19/12/2025,3.0,Pre-issuance,2025,Project environmental benefits,5.0,51,"Supplementary power generation, etc.: 30MW photovoltaic poverty alleviation power generation project in Chuankou Village, Bajiao Town, Shenchi County",2.7,0.004,refinancing,Officially in operation,4.2.2,Construction and operation of solar energy utilization facilities,101,carbon emission reduction,W14,29421.27,10896.7667,43.3991,actual value,"United Equator Environmental Assessment Co., Ltd."
Medium-term notes,green,5.0,2.4,19/12/2025,3.0,Pre-issuance,2025,Project environmental benefits,5.0,51,"The 10MWp solar-fishery complementary photovoltaic power generation project in Huaishu Village, Wanyu Town; the 20MWp solar-fishery complementary photovoltaic power generation project in Mengchang Village, Wanyu Town; and the 20MWp solar-fishery complementary photovoltaic power generation project in Xiaba Lake, Wanyu Town.",3.7,0.1011,Unknown,Officially in operation,4.2.2,Construction and operation of solar energy utilization facilities,101,carbon emission reduction,W14,34846.92,9418.0865,952.3163,actual value,"United Equator Environmental Assessment Co., Ltd."
Medium-term notes,green,5.0,2.4,19/12/2025,3.0,Pre-issuance,2025,Project environmental benefits,5.0,51,Changsheng Beihai Economic Development Zone Agricultural Science and Technology Greenhouse Phase I 20MW Photovoltaic Power Generation Project,1.92,0.0803,Unknown,Officially in operation,4.2.2,Construction and operation of solar energy utilization facilities,101,carbon emission reduction,W14,17309.95,9015.599,724.2427,actual value,"United Equator Environmental Assessment Co., Ltd."
Medium-term notes,green,5.0,2.4,19/12/2025,3.0,Pre-issuance,2025,Project environmental benefits,5.0,51,"Fujin Xiehe Wind Power Generation Co., Ltd. Fujin Xiehe Distributed Wind Power Project",0.73,0.0278,Unknown,Officially in operation,4.2.1,Construction and operation of wind power facilities,101,carbon emission reduction,W14,28117.02,38516.4658,1068.8773,actual value,"United Equator Environmental Assessment Co., Ltd."
Medium-term notes,green,5.0,2.4,19/12/2025,3.0,Pre-issuance,2025,Project environmental benefits,5.0,51,Wuchang City Xiehe Distributed Wind Power Project,0.99,0.0399,Unknown,Officially in operation,4.2.1,Construction and operation of wind power facilities,101,carbon emission reduction,W14,27686.89,27966.5556,1114.9716,actual value,"United Equator Environmental Assessment Co., Ltd."
Medium-term notes,green,5.0,2.4,19/12/2025,3.0,Pre-issuance,2025,Project environmental benefits,5.0,51,Hulan District Xiehe Distributed Wind Power Project,1.88,0.0765,Unknown,Officially in operation,4.2.1,Construction and operation of wind power facilities,101,carbon emission reduction,W14,59514.17,31656.4734,2422.9003,actual value,"United Equator Environmental Assessment Co., Ltd."
Medium-term notes,green,5.0,2.4,19/12/2025,3.0,Pre-issuance,2025,Project environmental benefits,5.0,51,Typical Project: Ruifeng Energy Dezhou Pingyuan Phase II 50MW Wind Power Project,3.9,0.1008,Unknown,Officially in operation,4.2.1,Construction and operation of wind power facilities,101,carbon emission reduction,W14,93714.73,24029.4179,2421.0327,actual value,"United Equator Environmental Assessment Co., Ltd."
Medium-term notes,green,5.0,2.4,19/12/2025,3.0,Pre-issuance,2025,Project environmental benefits,5.0,51,Typical Project: Guorui New Energy Dezhou Pingyuan Phase II 50MW Wind Power Project,3.93,0.1061,Unknown,Officially in operation,4.2.1,Construction and operation of wind power facilities,101,carbon emission reduction,W14,99335.3,25276.1578,2682.1163,actual value,"United Equator Environmental Assessment Co., Ltd."
Medium-term notes,green,5.0,2.4,19/12/2025,3.0,Pre-issuance,2025,Project environmental benefits,5.0,51,Guorui New Energy Dezhou Ningjin Phase II 50MW Wind Power Project,3.99,0.1428,Unknown,Officially in operation,4.2.1,Construction and operation of wind power facilities,101,carbon emission reduction,W14,89531.93,22439.0802,3205.0137,actual value,"United Equator Environmental Assessment Co., Ltd."
Medium-term notes,green,5.0,2.4,19/12/2025,3.0,Pre-issuance,2025,Project environmental benefits,5.0,51,"Typical Project: Jingxia Second Wind Farm C Zone 200MW Project, Phase II of Hami Wind Power Base, Xinjiang",15.65,0.5214,Unknown,Officially in operation,4.2.1,Construction and operation of wind power facilities,101,carbon emission reduction,W14,395198.98,25252.331,13166.8951,actual value,"United Equator Environmental Assessment Co., Ltd."
Medium-term notes,green,5.0,2.4,19/12/2025,3.0,Pre-issuance,2025,Project environmental benefits,5.0,51,Ruizi New Energy Dezhou Ningjin Phase II 50MW Wind Power Project,3.98,0.1427,Unknown,Officially in operation,4.2.1,Construction and operation of wind power facilities,101,carbon emission reduction,W14,100654.68,25290.1206,3609.2011,actual value,"United Equator Environmental Assessment Co., Ltd."
Medium-term notes,green,5.0,2.4,19/12/2025,3.0,Pre-issuance,2025,Project environmental benefits,5.0,51,State Power Investment Corporation Ningjin Phase II 50MW Wind Power Project,4.0,0.143,Unknown,Officially in operation,4.2.1,Construction and operation of wind power facilities,101,carbon emission reduction,W14,97606.25,24401.5625,3488.2438,actual value,"United Equator Environmental Assessment Co., Ltd."
Medium-term notes,green,5.0,2.4,19/12/2025,3.0,Pre-issuance,2025,Project environmental benefits,5.0,51,Typical Project: Yuanjiang Longtangou Wind Farm Project,4.54,0.094,New,Officially in operation,4.2.1,Construction and operation of wind power facilities,101,carbon emission reduction,W14,58020.39,12779.8216,1201.3032,actual value,"United Equator Environmental Assessment Co., Ltd."
Medium-term notes,green,5.0,2.4,19/12/2025,3.0,Pre-issuance,2025,Project environmental benefits,5.0,51,"Supplementary flow, etc.: Zhangerping-Shanbei 50MW Photovoltaic Power Station, National Advanced Technology Power Generation Demonstration Base in Coal Mining Subsidence Area, Yangquan City",3.56,0.1053,Unknown,Officially in operation,4.2.2,Construction and operation of solar energy utilization facilities,101,carbon emission reduction,W14,56276.62,15808.0393,1663.8172,actual value,"United Equator Environmental Assessment Co., Ltd."
Medium-term notes,green,5.0,2.4,19/12/2025,3.0,Pre-issuance,2025,Project environmental benefits,5.0,51,"The Yandun Sixth Wind Farm Project, a 2 million kW wind power project in the southeastern wind zone of Hami, Xinjiang.",15.73,0.6349,Unknown,Officially in operation,4.2.1,Construction and operation of wind power facilities,101,carbon emission reduction,W14,402337.41,25577.712,16240.0532,actual value,"United Equator Environmental Assessment Co., Ltd."
Medium-term notes,green,5.0,2.4,19/12/2025,3.0,Pre-issuance,2025,Project environmental benefits,5.0,51,Typical Project: China Minsheng New Energy Yanchi 200MW Photovoltaic Composite Power Generation Project,8.0,0.2098,Unknown,Officially in operation,4.2.2,Construction and operation of solar energy utilization facilities,101,carbon emission reduction,W14,192909.65,24113.7063,5059.0736,actual value,"United Equator Environmental Assessment Co., Ltd."
Medium-term notes,green,5.0,2.4,19/12/2025,3.0,Pre-issuance,2025,Project environmental benefits,5.0,51,Typical Project: TBEA Mulei Photovoltaic Park 100MWp Photovoltaic Power Generation Project,8.05,0.0259,Unknown,Officially in operation,4.2.2,Construction and operation of solar energy utilization facilities,101,carbon emission reduction,W14,117137.19,14551.2037,376.5052,actual value,"United Equator Environmental Assessment Co., Ltd."
Medium-term notes,green,5.0,2.4,19/12/2025,3.0,Pre-issuance,2025,Project environmental benefits,5.0,51,Hengdong Mulei Photovoltaic Industrial Park 100MWp Photovoltaic Power Generation Project,7.85,0.0346,Unknown,Officially in operation,4.2.2,Construction and operation of solar energy utilization facilities,101,carbon emission reduction,W14,118196.07,15056.8242,520.6572,actual value,"United Equator Environmental Assessment Co., Ltd."
Medium-term notes,green,5.0,2.4,19/12/2025,3.0,Pre-issuance,2025,Project environmental benefits,5.0,51,"20MW Photovoltaic Greenhouse Power Station Project in Dechang County, Liangshan Prefecture",1.9,0.0893,Unknown,Officially in operation,4.2.2,Construction and operation of solar energy utilization facilities,101,carbon emission reduction,W14,10971.24,5774.3368,515.9323,actual value,"United Equator Environmental Assessment Co., Ltd."
Medium-term notes,green,5.0,2.4,19/12/2025,3.0,Pre-issuance,2025,Project environmental benefits,5.0,51,Shangdu County 30MWp Photovoltaic Agricultural Greenhouse Rooftop Power Station Project,2.74,0.009,Unknown,Officially in operation,4.2.2,Construction and operation of solar energy utilization facilities,101,carbon emission reduction,W14,46377.72,16926.1752,153.0423,actual value,"United Equator Environmental Assessment Co., Ltd."
Medium-term notes,green,5.0,2.4,19/12/2025,3.0,Pre-issuance,2025,Project environmental benefits,5.0,51,"Wuhai Xinsheng Solar Energy Technology Co., Ltd. 30MW Photovoltaic Agricultural Greenhouse Project",6.75,0.1038,New,Officially in operation,4.2.2,Construction and operation of solar energy utilization facilities,101,carbon emission reduction,W14,30665.47,4543.0326,471.5668,actual value,"United Equator Environmental Assessment Co., Ltd."
Medium-term notes,green,5.0,2.4,19/12/2025,3.0,Pre-issuance,2025,Project environmental benefits,5.0,51,"Bayannur Xinsheng Solar Energy Technology Co., Ltd. Dengkou County 50MWp Photovoltaic Agricultural Greenhouse Project",6.0,0.096,New,Officially in operation,4.2.2,Construction and operation of solar energy utilization facilities,101,carbon emission reduction,W14,32162.81,5360.4683,514.605,actual value,"United Equator Environmental Assessment Co., Ltd."
Medium-term notes,green,5.0,2.4,19/12/2025,3.0,Pre-issuance,2025,Project environmental benefits,5.0,51,"Yangquan Changsheng Solar Energy Technology Co., Ltd. 20MWp Photovoltaic Agricultural Greenhouse Project",1.9,0.0896,Unknown,Officially in operation,4.2.2,Construction and operation of solar energy utilization facilities,101,carbon emission reduction,W14,22605.83,11897.8053,1066.6286,actual value,"United Equator Environmental Assessment Co., Ltd."
Medium-term notes,green,5.0,2.4,19/12/2025,3.0,Pre-issuance,2025,Project environmental benefits,5.0,51,Jilin Yitong Agricultural Technology Greenhouse Photovoltaic Power Generation Project,1.96,0.148,Unknown,Officially in operation,4.2.2,Construction and operation of solar energy utilization facilities,101,carbon emission reduction,W14,20101.48,10255.8571,1517.9878,actual value,"United Equator Environmental Assessment Co., Ltd."
Medium-term notes,green,5.0,2.4,19/12/2025,3.0,Pre-issuance,2025,Project environmental benefits,5.0,51,Jilin Liaoyuan Dongfeng 20MW Photovoltaic Agricultural Technology Greenhouse Project,1.2,0.0045,New,Officially in operation,4.2.2,Construction and operation of solar energy utilization facilities,101,carbon emission reduction,W14,21420.58,17850.4833,80.3272,actual value,"United Equator Environmental Assessment Co., Ltd."
Medium-term notes,green,5.0,2.4,19/12/2025,3.0,Pre-issuance,2025,Project environmental benefits,5.0,51,"70 MW Photovoltaic Agricultural Greenhouse Power Station Project in Dongping Town, Zhenghe County, Nanping City",7.0,0.2283,Unknown,Officially in operation,4.2.2,Construction and operation of solar energy utilization facilities,101,carbon emission reduction,W14,46416.21,6630.8871,1514.0016,actual value,"United Equator Environmental Assessment Co., Ltd."
Medium-term notes,green,5.0,2.4,19/12/2025,3.0,Pre-issuance,2025,Project environmental benefits,5.0,51,Typical Project: Fuxin Changsheng Solar Power Fuxin-Mongolia 20MW Photovoltaic Agricultural Greenhouse Power Station Project,1.96,0.0912,Unknown,Officially in operation,4.2.2,Construction and operation of solar energy utilization facilities,101,carbon emission reduction,W14,20365.6,10390.6122,947.7464,actual value,"United Equator Environmental Assessment Co., Ltd."
Medium-term notes,green,5.0,2.4,19/12/2025,3.0,Pre-issuance,2025,Project environmental benefits,5.0,51,"20MW Photovoltaic Agricultural Power Station Project in Pengchang Town, Xiantao City, Hubei Province",1.81,0.0697,New,Officially in operation,4.2.2,Construction and operation of solar energy utilization facilities,101,carbon emission reduction,W14,16539.7,9137.9558,636.9155,actual value,"United Equator Environmental Assessment Co., Ltd."
Medium-term notes,green,5.0,2.4,19/12/2025,3.0,Pre-issuance,2025,Project environmental benefits,5.0,51,Jiaozuo City Macun District 50 MW Photovoltaic Agricultural Greenhouse Grid-connected Power Generation Project,8.8,0.0055,New,Officially in operation,4.2.2,Construction and operation of solar energy utilization facilities,101,carbon emission reduction,W14,37907.29,4307.6466,23.6921,actual value,"United Equator Environmental Assessment Co., Ltd."
Medium-term notes,green,5.0,2.4,19/12/2025,3.0,Pre-issuance,2025,Project environmental benefits,5.0,51,"Dinghao New Energy Co., Ltd. of Heze City, Shandong Province, 30MW Photovoltaic Poverty Alleviation Power Station in Juye County",3.6,0.1298,Unknown,Officially in operation,4.2.2,Construction and operation of solar energy utilization facilities,101,carbon emission reduction,W14,32420.46,9005.6833,1168.5447,actual value,"United Equator Environmental Assessment Co., Ltd."
Medium-term notes,green,5.0,2.4,19/12/2025,3.0,Pre-issuance,2025,Project environmental benefits,5.0,51,Changsheng Chengcheng 20MW Photovoltaic Power Generation Project,1.92,0.0063,Unknown,Officially in operation,4.2.2,Construction and operation of solar energy utilization facilities,101,carbon emission reduction,W14,18143.19,9449.5781,59.8364,actual value,"United Equator Environmental Assessment Co., Ltd."
Medium-term notes,green,5.0,2.4,19/12/2025,3.0,Pre-issuance,2025,Project environmental benefits,5.0,51,"Supplementary power supply, etc.: Zhong Sheng Shen County 20 MW Photovoltaic Mushroom Greenhouse Power Station Project",1.7,0.0025,refinancing,Officially in operation,4.2.2,Construction and operation of solar energy utilization facilities,101,carbon emission reduction,W14,18017.42,10598.4824,26.5774,actual value,"United Equator Environmental Assessment Co., Ltd."
Medium-term notes,green,5.0,2.4,19/12/2025,3.0,Pre-issuance,2025,Project environmental benefits,5.0,51,Typical Project: Qingdao Chengsheng Jimo Solar Photovoltaic Town Agricultural Technology Greenhouse Phase II 60 MW Photovoltaic Power Station Project,6.03,0.2741,Unknown,Officially in operation,4.2.2,Construction and operation of solar energy utilization facilities,101,carbon emission reduction,W14,41057.06,6808.7993,1866.2566,Expected value,"United Equator Environmental Assessment Co., Ltd."
Medium-term notes,green,5.0,2.4,19/12/2025,3.0,Pre-issuance,2025,Project environmental benefits,5.0,51,Qingdao Jimo Solar Photovoltaic Town Agricultural Technology Greenhouse 20MW Photovoltaic Power Station Project,1.98,0.2727,New,Officially in operation,4.2.2,Construction and operation of solar energy utilization facilities,101,carbon emission reduction,W14,12045.84,6083.7576,1659.0407,actual value,"United Equator Environmental Assessment Co., Ltd."
Medium-term notes,green,5.0,2.4,19/12/2025,3.0,Pre-issuance,2025,Project environmental benefits,5.0,51,"Typical Project: 50MW Photovoltaic Power Generation Project in Baotou Coal Mining Subsidence Area, undertaken by Shiguai Mengsheng Solar Energy Technology Co., Ltd.",3.86,0.1837,Unknown,Officially in operation,4.2.2,Construction and operation of solar energy utilization facilities,101,carbon emission reduction,W14,50340.31,13041.5311,2395.6492,actual value,"United Equator Environmental Assessment Co., Ltd."
Medium-term notes,green,5.0,2.4,19/12/2025,3.0,Pre-issuance,2025,Project environmental benefits,5.0,51,Dongying (Shengli) Chenghao Distributed Photovoltaic Demonstration Zone 20 MW Project,1.52,0.0643,Unknown,Officially in operation,4.2.2,Construction and operation of solar energy utilization facilities,101,carbon emission reduction,W14,19635.23,12917.9145,830.8719,actual value,"United Equator Environmental Assessment Co., Ltd."
Medium-term notes,green,5.0,2.4,19/12/2025,3.0,Pre-issuance,2025,Project environmental benefits,5.0,51,Dongying (Shengli) Chengwei Distributed Photovoltaic Demonstration Zone 20 MW Project,1.52,0.0643,Unknown,Officially in operation,4.2.2,Construction and operation of solar energy utilization facilities,101,carbon emission reduction,W14,19794.85,13022.9276,837.6263,actual value,"United Equator Environmental Assessment Co., Ltd."
Medium-term notes,green,5.0,2.4,19/12/2025,3.0,Pre-issuance,2025,Project environmental benefits,5.0,51,"20MW Photovoltaic Agricultural Greenhouse Power Station Project in Qiyuan Subdistrict, Mengcheng County, Bozhou City, Anhui Province",1.9,0.079,Unknown,Officially in operation,4.2.2,Construction and operation of solar energy utilization facilities,101,carbon emission reduction,W14,13076.18,6882.2,543.7122,actual value,"United Equator Environmental Assessment Co., Ltd."
Medium-term notes,green,5.0,2.4,19/12/2025,3.0,Pre-issuance,2025,Project environmental benefits,5.0,51,Liaoning Province Anshan City Tai'an Taisheng 20MW Distributed Photovoltaic Agricultural Greenhouse Power Station Project,1.98,0.067,New,Officially in operation,4.2.2,Construction and operation of solar energy utilization facilities,101,carbon emission reduction,W14,21152.6,10683.1313,715.7698,actual value,"United Equator Environmental Assessment Co., Ltd."
Medium-term notes,green,5.0,2.4,19/12/2025,3.0,Pre-issuance,2025,Project environmental benefits,5.0,51,"20MW Photovoltaic Agricultural Greenhouse Power Station Project in Linyou County, Baoji City, Shaanxi Province",1.9,0.067,New,Officially in operation,4.2.2,Construction and operation of solar energy utilization facilities,101,carbon emission reduction,W14,17662.69,9296.1526,622.8422,actual value,"United Equator Environmental Assessment Co., Ltd."
Medium-term notes,green,5.0,2.4,19/12/2025,3.0,Pre-issuance,2025,Project environmental benefits,5.0,51,Typical Project: Huaxian 40MW Photovoltaic Agricultural Complex Project,4.94,0.0628,Unknown,Officially in operation,4.2.2,Construction and operation of solar energy utilization facilities,101,carbon emission reduction,W14,39878.6,8072.5911,506.861,actual value,"United Equator Environmental Assessment Co., Ltd."
Medium-term notes,green,5.0,2.4,19/12/2025,3.0,Pre-issuance,2025,Project environmental benefits,5.0,51,"Supplementary power generation, etc.: Phase I 30MW Photovoltaic Agricultural Greenhouse Power Station Project in Yulin Township, Yanjin County, Henan Province",6.0,0.035,New,Officially in operation,4.2.2,Construction and operation of solar energy utilization facilities,101,carbon emission reduction,W14,24144.63,4024.105,140.8437,actual value,"United Equator Environmental Assessment Co., Ltd."
Medium-term notes,green,5.0,2.4,19/12/2025,3.0,Pre-issuance,2025,Project environmental benefits,5.0,51,"Baotou Mousheng Solar Energy Technology Co., Ltd. Baotou Coal Mining Subsidence Area Photovoltaic Leading Technology Base 100MW Power Generation Project",7.93,0.0417,Unknown,Officially in operation,4.2.2,Construction and operation of solar energy utilization facilities,101,carbon emission reduction,W14,105394.26,13290.575,554.1836,actual value,"United Equator Environmental Assessment Co., Ltd."
Short-term financing bonds,green,10.0,1.54,12/12/2025,0.16,Pre-issuance,2025,Project environmental benefits,10.0,7,"Chifeng City, Wengniute Banner, 1 million kilowatt wind power project for ecological restoration",48.09,2.15,New,Under construction,4.2.1,Construction and operation of wind power facilities,101,carbon emission reduction,W14,2517400.0,52347.6814,112547.5151,Expected value,"United Equator Environmental Assessment Co., Ltd."
Short-term financing bonds,green,10.0,1.54,12/12/2025,0.16,Pre-issuance,2025,Project environmental benefits,10.0,7,Jixi Base Lugu DC Baicheng 1.4 million kW Transmission Project 2-1 (260MW Solar Thermal) Project,19.5388,0.5,New,Under construction,4.2.2,Construction and operation of solar energy utilization facilities,101,carbon emission reduction,W14,131600.0,6735.3164,3367.6582,Expected value,"United Equator Environmental Assessment Co., Ltd."
Short-term financing bonds,green,10.0,1.54,12/12/2025,0.16,Pre-issuance,2025,Project environmental benefits,10.0,7,Tiefeng Xianghe New Energy 150MW Grid Parity Wind Power Project,11.1732,0.8,New,Officially in operation,4.2.1,Construction and operation of wind power facilities,101,carbon emission reduction,W14,392700.0,35146.6008,28117.2806,actual value,"United Equator Environmental Assessment Co., Ltd."
Short-term financing bonds,green,10.0,1.54,12/12/2025,0.16,Pre-issuance,2025,Project environmental benefits,10.0,7,CGN Fujian Pingtan Dalian 300MW Offshore Wind Power Project,60.9334,0.75,New,Officially in operation,4.2.1,Construction and operation of wind power facilities,101,carbon emission reduction,W14,602200.0,9882.9214,7412.191,actual value,"United Equator Environmental Assessment Co., Ltd."
Short-term financing bonds,green,10.0,1.54,12/12/2025,0.16,Pre-issuance,2025,Project environmental benefits,10.0,7,Wu'an 300MW Photovoltaic Mine Environmental Remediation Demonstration Project,17.8298,1.1,New,Under construction,4.2.2,Construction and operation of solar energy utilization facilities,101,carbon emission reduction,W14,357600.0,20056.3102,22061.9685,Expected value,"United Equator Environmental Assessment Co., Ltd."
Short-term financing bonds,green,10.0,1.54,12/12/2025,0.16,Pre-issuance,2025,Project environmental benefits,10.0,7,Huizhou Port 400MW Offshore Wind Farm,81.7943,3.0,New,Officially in operation,4.2.1,Construction and operation of wind power facilities,101,carbon emission reduction,W14,685400.0,8379.557,25138.671,actual value,"United Equator Environmental Assessment Co., Ltd."
Short-term financing bonds,green,10.0,1.54,12/12/2025,0.16,Pre-issuance,2025,Project environmental benefits,10.0,7,Daqing Hongwei 49.5MW Wind Power Project,4.6331,1.7,New,Officially in operation,4.2.1,Construction and operation of wind power facilities,101,carbon emission reduction,W14,84200.0,18173.5771,30895.081,actual value,"United Equator Environmental Assessment Co., Ltd."
Medium-term notes,green,5.0,1.94,21/10/2025,3.0,Pre-issuance,2025,Project environmental benefits,5.0,6,Suzhou Huxi Brilliant Phase,14.61,0.55,New,Completed,6.1.1,Green building construction and operation,502,Green building area,W15,68715.22,4703.3005,2586.8153,actual value,"United Equator Environmental Assessment Co., Ltd."
Medium-term notes,green,5.0,1.94,21/10/2025,3.0,Pre-issuance,2025,Project environmental benefits,5.0,6,City Home DK3 Project,26.21,0.3,New,Completed,6.1.1,Green building construction and operation,502,Green building area,W15,324198.0,12369.2484,3710.7745,actual value,"United Equator Environmental Assessment Co., Ltd."
